{
    "users": [{
        "timestamp": "5/4/2017 8:32:29",
        "name": "Alca",
        "IV": 5,
        "V": 5,
        "VI": 5,
        "I": 2,
        "II": 4,
        "III": 5,
        "VII": 4,
        "Rogue1": 3,
        "Holiday": null
    }, {
        "timestamp": "5/4/2017 10:13:35",
        "name": "hablwgq",
        "IV": 4,
        "V": 5,
        "VI": 4,
        "I": 3,
        "II": 2,
        "III": 3,
        "VII": 4,
        "Rogue1": 3,
        "Holiday": 1
    }, {
        "timestamp": "5/4/2017 10:17:41",
        "name": "Dj__error",
        "IV": 4,
        "V": 5,
        "VI": 4,
        "I": 1,
        "II": 1,
        "III": 2,
        "VII": 5,
        "Rogue1": 5,
        "Holiday": 1
    }, {
        "timestamp": "5/4/2017 10:35:42",
        "name": "Unicorn",
        "IV": 5,
        "V": 5,
        "VI": 5,
        "I": 2,
        "II": 2,
        "III": 2,
        "VII": 3,
        "Rogue1": 4,
        "Holiday": 5
    }, {
        "timestamp": "5/4/2017 10:57:25",
        "name": "PD",
        "IV": 3,
        "V": 4,
        "VI": 4,
        "I": 5,
        "II": 5,
        "III": 5,
        "VII": 4,
        "Rogue1": 2,
        "Holiday": 1
    }, {
        "timestamp": "5/4/2017 10:57:28",
        "name": "Codeland",
        "IV": 4,
        "V": 4,
        "VI": 4,
        "I": 2,
        "II": 1,
        "III": 3,
        "VII": 4,
        "Rogue1": 3,
        "Holiday": 5
    }, {
        "timestamp": "5/4/2017 11:09:01",
        "name": "Darshan Sonagara",
        "IV": 4,
        "V": 4,
        "VI": 4,
        "I": 5,
        "II": 5,
        "III": 5,
        "VII": 4,
        "Rogue1": 5,
        "Holiday": 5
    }, {
        "timestamp": "5/4/2017 11:18:01",
        "name": "Dak",
        "IV": 3,
        "V": 3,
        "VI": 3,
        "I": 1,
        "II": 1,
        "III": 2,
        "VII": 2,
        "Rogue1": 2,
        "Holiday": 2
    }, {
        "timestamp": "5/4/2017 11:20:42",
        "name": "Ewoks",
        "IV": 4,
        "V": 5,
        "VI": 5,
        "I": 4,
        "II": 4,
        "III": 4,
        "VII": 3,
        "Rogue1": 4,
        "Holiday": 3
    }, {
        "timestamp": "5/4/2017 11:27:06",
        "name": "Daniel",
        "IV": 4,
        "V": 4,
        "VI": 4,
        "I": 2,
        "II": 2,
        "III": 3,
        "VII": 3,
        "Rogue1": 4,
        "Holiday": 2
    }, {
        "timestamp": "5/4/2017 11:27:21",
        "name": "blank",
        "IV": 4,
        "V": 5,
        "VI": 3,
        "I": 1,
        "II": 1,
        "III": 2,
        "VII": 4,
        "Rogue1": 4,
        "Holiday": 1
    }, {
        "timestamp": "5/4/2017 11:42:39",
        "name": "Chewbacca",
        "IV": 5,
        "V": 5,
        "VI": 5,
        "I": 1,
        "II": 1,
        "III": 3,
        "VII": 5,
        "Rogue1": 4,
        "Holiday": 2
    }, {
        "timestamp": "5/4/2017 11:50:48",
        "name": "Kenneth",
        "IV": 2,
        "V": 3,
        "VI": 3,
        "I": 2,
        "II": 3,
        "III": 3,
        "VII": 4,
        "Rogue1": 2,
        "Holiday": 1
    }, {
        "timestamp": "5/4/2017 12:02:25",
        "name": "Dane",
        "IV": 4,
        "V": 3,
        "VI": 4,
        "I": 2,
        "II": 3,
        "III": 2,
        "VII": 5,
        "Rogue1": 3,
        "Holiday": 3
    }, {
        "timestamp": "5/4/2017 12:13:57",
        "name": "Noomaok",
        "IV": 1,
        "V": 2,
        "VI": 2,
        "I": 2,
        "II": 3,
        "III": 3,
        "VII": 1,
        "Rogue1": 3,
        "Holiday": 2
    }, {
        "timestamp": "5/4/2017 12:15:02",
        "name": "Chris Spurgeon",
        "IV": 5,
        "V": 4,
        "VI": 4,
        "I": 1,
        "II": 1,
        "III": 1,
        "VII": 5,
        "Rogue1": 5,
        "Holiday": 1
    }, {
        "timestamp": "5/4/2017 12:16:03",
        "name": "Keyser Söze",
        "IV": 3,
        "V": 3,
        "VI": 3,
        "I": 2,
        "II": 1,
        "III": 2,
        "VII": 3,
        "Rogue1": 3,
        "Holiday": 2
    }, {
        "timestamp": "5/4/2017 12:20:47",
        "name": "shiffman",
        "IV": 4,
        "V": 5,
        "VI": 4,
        "I": 1,
        "II": 2,
        "III": 2,
        "VII": 4,
        "Rogue1": 4,
        "Holiday": 5
    }, {
        "timestamp": "5/4/2017 12:38:30",
        "name": "Jonny",
        "IV": 4,
        "V": 5,
        "VI": 5,
        "I": 1,
        "II": 2,
        "III": 3,
        "VII": 5,
        "Rogue1": 5,
        "Holiday": 3
    }, {
        "timestamp": "5/4/2017 13:36:08",
        "name": "James",
        "IV": 3,
        "V": 3,
        "VI": 3,
        "I": 2,
        "II": 2,
        "III": 3,
        "VII": 4,
        "Rogue1": 4,
        "Holiday": 4
    }, {
        "timestamp": "5/4/2017 13:58:55",
        "name": "Praetrorian",
        "IV": 4,
        "V": 5,
        "VI": 5,
        "I": 3,
        "II": 4,
        "III": 5,
        "VII": 4,
        "Rogue1": 4,
        "Holiday": 2
    }, {
        "timestamp": "5/4/2017 13:59:22",
        "name": "AAA",
        "IV": 5,
        "V": 5,
        "VI": 5,
        "I": 5,
        "II": 5,
        "III": 5,
        "VII": 5,
        "Rogue1": 5,
        "Holiday": 5
    }
    ]
    }